file,topics,user_tasks,solved,needs_human,failure_category,missing_feature,feature_category,why_unsolved,improvement_needed,capabilities,success_patterns,demonstrated_skills,user_satisfaction_indicators,conversation_flow,escalation_triggers,error_patterns,user_emotion,conversation_complexity,feature_priority_score,improvement_effort
Acute Karate 4ff2238e0d--2025-05-29 12:26:12.610398--WEBCHAT.csv,incomplete-conversation,no-user-request,True,False,incomplete-conversation,no-missing-feature-incomplete-conversation,no-feature-category-incomplete-conversation,no-user-request-to-solve,no-improvement-needed-user-abandoned,greeting; form-presentation,bot-greeting-successful; form-presentation-complete,greeting; form-presentation; template-rendering,conversation-initiated; bot-ready-to-help,bot-greeting; form-presentation; user-abandoned,user-abandoned-conversation; no-escalation-needed,no-errors-detected; conversation-abandoned,neutral,simple,1,low
Affable Sport 795040a475--2025-02-26 00:47:34.786516--WEBCHAT.csv,incomplete-conversation,no-user-request,True,False,incomplete-conversation,no-missing-feature-incomplete-conversation,no-feature-category-incomplete-conversation,no-user-request-to-solve,no-improvement-needed-user-abandoned,greeting; form-presentation,bot-greeting-successful; form-presentation-complete,greeting; form-presentation; template-rendering,conversation-initiated; bot-ready-to-help,bot-greeting; form-presentation; user-abandoned,user-abandoned-conversation; no-escalation-needed,no-errors-detected; conversation-abandoned,neutral,simple,1,low
Abstract Git f979aca0cb--2025-03-30 19:40:57.996464--WEBCHAT.csv,incomplete-conversation,no-user-request,True,False,incomplete-conversation,no-missing-feature-incomplete-conversation,no-feature-category-incomplete-conversation,no-user-request-to-solve,no-improvement-needed-user-abandoned,greeting; form-presentation,bot-greeting-successful; form-presentation-complete,greeting; form-presentation; template-rendering,conversation-initiated; bot-ready-to-help,bot-greeting; form-presentation; user-abandoned,user-abandoned-conversation; no-escalation-needed,no-errors-detected; conversation-abandoned,neutral,simple,1,low
Allegro Column 5ed9fe2898--2025-04-04 07:02:34.357468--WEBCHAT.csv,incomplete-conversation,no-user-request,True,False,incomplete-conversation,no-missing-feature-incomplete-conversation,no-feature-category-incomplete-conversation,no-user-request-to-solve,no-improvement-needed-user-abandoned,greeting; form-presentation,bot-greeting-successful; form-presentation-complete,greeting; form-presentation; template-rendering,conversation-initiated; bot-ready-to-help,bot-greeting; form-presentation; user-abandoned,user-abandoned-conversation; no-escalation-needed,no-errors-detected; conversation-abandoned,neutral,simple,1,low
Acoustic Coordinate c2a102407c--2025-04-22 03:05:27.053518--WEBCHAT.csv,incomplete-conversation,no-user-request,True,False,incomplete-conversation,no-missing-feature-incomplete-conversation,no-feature-category-incomplete-conversation,no-user-request-to-solve,no-improvement-needed-user-abandoned,greeting; form-presentation,bot-greeting-successful; form-presentation-complete,greeting; form-presentation; template-rendering,conversation-initiated; bot-ready-to-help,bot-greeting; form-presentation; user-abandoned,user-abandoned-conversation; no-escalation-needed,no-errors-detected; conversation-abandoned,neutral,simple,1,low
Abstract Vault 17f885e90d--2025-03-06 18:19:48.765735--WEBCHAT.csv,incomplete-conversation,no-user-request,True,False,incomplete-conversation,no-missing-feature-incomplete-conversation,no-feature-category-incomplete-conversation,no-user-request-to-solve,no-improvement-needed-user-abandoned,greeting; form-presentation,bot-greeting-successful; form-presentation-complete,greeting; form-presentation; template-rendering,conversation-initiated; bot-ready-to-help,bot-greeting; form-presentation; user-abandoned,user-abandoned-conversation; no-escalation-needed,no-errors-detected; conversation-abandoned,neutral,simple,1,low
Abstract Overpass 7655f4c572--2025-05-06 16:29:04.192025--WEBCHAT.csv,incomplete-conversation,no-user-request,True,False,incomplete-conversation,no-missing-feature-incomplete-conversation,no-feature-category-incomplete-conversation,no-user-request-to-solve,no-improvement-needed-user-abandoned,greeting; form-presentation,bot-greeting-successful; form-presentation-complete,greeting; form-presentation; template-rendering,conversation-initiated; bot-ready-to-help,bot-greeting; form-presentation; user-abandoned,user-abandoned-conversation; no-escalation-needed,no-errors-detected; conversation-abandoned,neutral,simple,1,low
Adagio Edge fb88cd7e3a--2025-03-19 04:42:29.516263--WEBCHAT.csv,incomplete-conversation,no-user-request,True,False,incomplete-conversation,no-missing-feature-incomplete-conversation,no-feature-category-incomplete-conversation,no-user-request-to-solve,no-improvement-needed-user-abandoned,greeting; form-presentation,bot-greeting-successful; form-presentation-complete,greeting; form-presentation; template-rendering,conversation-initiated; bot-ready-to-help,bot-greeting; form-presentation; user-abandoned,user-abandoned-conversation; no-escalation-needed,no-errors-detected; conversation-abandoned,neutral,simple,1,low
Adagio Lumber 7ffd3d685b--2025-05-06 07:41:56.084939--WEBCHAT.csv,incomplete-conversation,no-user-request,True,False,incomplete-conversation,no-missing-feature-incomplete-conversation,no-feature-category-incomplete-conversation,no-user-request-to-solve,no-improvement-needed-user-abandoned,greeting; form-presentation,bot-greeting-successful; form-presentation-complete,greeting; form-presentation; template-rendering,conversation-initiated; bot-ready-to-help,bot-greeting; form-presentation; user-abandoned,user-abandoned-conversation; no-escalation-needed,no-errors-detected; conversation-abandoned,neutral,simple,1,low
Agile Assistant 8a021217e3--2025-03-01 13:35:47.082492--WEBCHAT.csv,incomplete-conversation,no-user-request,True,False,incomplete-conversation,no-missing-feature-incomplete-conversation,no-feature-category-incomplete-conversation,no-user-request-to-solve,no-improvement-needed-user-abandoned,greeting; form-presentation,bot-greeting-successful; form-presentation-complete,greeting; form-presentation; template-rendering,conversation-initiated; bot-ready-to-help,bot-greeting; form-presentation; user-abandoned,user-abandoned-conversation; no-escalation-needed,no-errors-detected; conversation-abandoned,neutral,simple,1,low
Acyclic Producer ccbd91cfba--2025-03-09 18:00:20.228853--WEBCHAT.csv,incomplete-conversation,no-user-request,True,False,incomplete-conversation,no-missing-feature-incomplete-conversation,no-feature-category-incomplete-conversation,no-user-request-to-solve,no-improvement-needed-user-abandoned,greeting; form-presentation,bot-greeting-successful; form-presentation-complete,greeting; form-presentation; template-rendering,conversation-initiated; bot-ready-to-help,bot-greeting; form-presentation; user-abandoned,user-abandoned-conversation; no-escalation-needed,no-errors-detected; conversation-abandoned,neutral,simple,1,low
Acidic Root bc7de5ee1e--2025-03-09 11:31:47.499453--WEBCHAT.csv,incomplete-conversation,no-user-request,True,False,incomplete-conversation,no-missing-feature-incomplete-conversation,no-feature-category-incomplete-conversation,no-user-request-to-solve,no-improvement-needed-user-abandoned,greeting; form-presentation,bot-greeting-successful; form-presentation-complete,greeting; form-presentation; template-rendering,conversation-initiated; bot-ready-to-help,bot-greeting; form-presentation; user-abandoned,user-abandoned-conversation; no-escalation-needed,no-errors-detected; conversation-abandoned,neutral,simple,1,low
Acute Light 5746f05a0b--2025-05-12 13:09:23.199863--WEBCHAT.csv,incomplete-conversation,no-user-request,True,False,incomplete-conversation,no-missing-feature-incomplete-conversation,no-feature-category-incomplete-conversation,no-user-request-to-solve,no-improvement-needed-user-abandoned,greeting; form-presentation,bot-greeting-successful; form-presentation-complete,greeting; form-presentation; template-rendering,conversation-initiated; bot-ready-to-help,bot-greeting; form-presentation; user-abandoned,user-abandoned-conversation; no-escalation-needed,no-errors-detected; conversation-abandoned,neutral,simple,1,low
Acute Bright 1b233fabc7--2025-04-10 16:35:35.184914--WEBCHAT.csv,incomplete-conversation,no-user-request,True,False,incomplete-conversation,no-missing-feature-incomplete-conversation,no-feature-category-incomplete-conversation,no-user-request-to-solve,no-improvement-needed-user-abandoned,greeting; form-presentation,bot-greeting-successful; form-presentation-complete,greeting; form-presentation; template-rendering,conversation-initiated; bot-ready-to-help,bot-greeting; form-presentation; user-abandoned,user-abandoned-conversation; no-escalation-needed,no-errors-detected; conversation-abandoned,neutral,simple,1,low
Achromatic Volcano 3566f8ffab--2025-04-26 21:09:31.789878--WEBCHAT.csv,incomplete-conversation,no-user-request,True,False,incomplete-conversation,no-missing-feature-incomplete-conversation,no-feature-category-incomplete-conversation,no-user-request-to-solve,no-improvement-needed-user-abandoned,greeting; form-presentation,bot-greeting-successful; form-presentation-complete,greeting; form-presentation; template-rendering,conversation-initiated; bot-ready-to-help,bot-greeting; form-presentation; user-abandoned,user-abandoned-conversation; no-escalation-needed,no-errors-detected; conversation-abandoned,neutral,simple,1,low
Absolute Payment e61994a5a6--2025-04-23 16:57:01.203015--WEBCHAT.csv,incomplete-conversation,no-user-request,True,False,incomplete-conversation,no-missing-feature-incomplete-conversation,no-feature-category-incomplete-conversation,no-user-request-to-solve,no-improvement-needed-user-abandoned,greeting; form-presentation,bot-greeting-successful; form-presentation-complete,greeting; form-presentation; template-rendering,conversation-initiated; bot-ready-to-help,bot-greeting; form-presentation; user-abandoned,user-abandoned-conversation; no-escalation-needed,no-errors-detected; conversation-abandoned,neutral,simple,1,low
Alternate Temple 1674cdb4b3--2025-06-03 14:49:00.432236--WEBCHAT.csv,incomplete-conversation,no-user-request,True,False,incomplete-conversation,no-missing-feature-incomplete-conversation,no-feature-category-incomplete-conversation,no-user-request-to-solve,no-improvement-needed-user-abandoned,greeting; form-presentation,bot-greeting-successful; form-presentation-complete,greeting; form-presentation; template-rendering,conversation-initiated; bot-ready-to-help,bot-greeting; form-presentation; user-abandoned,user-abandoned-conversation; no-escalation-needed,no-errors-detected; conversation-abandoned,neutral,simple,1,low
Alternate Order 231f7428e8--2025-05-27 18:18:24.157883--WEBCHAT.csv,incomplete-conversation,no-user-request,True,False,incomplete-conversation,no-missing-feature-incomplete-conversation,no-feature-category-incomplete-conversation,no-user-request-to-solve,no-improvement-needed-user-abandoned,greeting; form-presentation,bot-greeting-successful; form-presentation-complete,greeting; form-presentation; template-rendering,conversation-initiated; bot-ready-to-help,bot-greeting; form-presentation; user-abandoned,user-abandoned-conversation; no-escalation-needed,no-errors-detected; conversation-abandoned,neutral,simple,1,low
Ambitious Pitch dda489fbf5--2025-03-02 11:45:40.511419--WEBCHAT.csv,incomplete-conversation,no-user-request,True,False,incomplete-conversation,no-missing-feature-incomplete-conversation,no-feature-category-incomplete-conversation,no-user-request-to-solve,no-improvement-needed-user-abandoned,greeting; form-presentation,bot-greeting-successful; form-presentation-complete,greeting; form-presentation; template-rendering,conversation-initiated; bot-ready-to-help,bot-greeting; form-presentation; user-abandoned,user-abandoned-conversation; no-escalation-needed,no-errors-detected; conversation-abandoned,neutral,simple,1,low
Ambitious Aqueduct 7b3d87bbfd--2025-06-02 08:40:01.208792--WEBCHAT.csv,incomplete-conversation,no-user-request,True,False,incomplete-conversation,no-missing-feature-incomplete-conversation,no-feature-category-incomplete-conversation,no-user-request-to-solve,no-improvement-needed-user-abandoned,greeting; form-presentation,bot-greeting-successful; form-presentation-complete,greeting; form-presentation; template-rendering,conversation-initiated; bot-ready-to-help,bot-greeting; form-presentation; user-abandoned,user-abandoned-conversation; no-escalation-needed,no-errors-detected; conversation-abandoned,neutral,simple,1,low
Amicable Detail a4a1ed2b28--2025-03-18 07:27:15.685413--WEBCHAT.csv,incomplete-conversation,no-user-request,True,False,incomplete-conversation,no-missing-feature-incomplete-conversation,no-feature-category-incomplete-conversation,no-user-request-to-solve,no-improvement-needed-user-abandoned,greeting; form-presentation,bot-greeting-successful; form-presentation-complete,greeting; form-presentation; template-rendering,conversation-initiated; bot-ready-to-help,bot-greeting; form-presentation; user-abandoned,user-abandoned-conversation; no-escalation-needed,no-errors-detected; conversation-abandoned,neutral,simple,1,low
123--2025-07-25 22:03:27.126000--WEBCHAT.csv,"form-submission,user-feedback",no-user-request,False,False,incomplete-conversation,n/a,other,no-user-request-to-solve,no-improvement-needed-user-abandoned,bot-greeting-successful,bot-greeting-successful,greeting,conversation-initiated,bot-greeting; user-abandoned,user-abandoned-conversation,no-errors-detected,neutral,simple,1,low
111--2025-05-26 07:27:42.056464--WEBCHAT.csv,form-submission,complete form submission,True,False,other,no-missing-feature,other,no-user-request-to-solve,no-improvement-needed-user-abandoned,form-handling,form-completion-workflow,form-handling,user-completed-task,bot-greeting; form-submission,bot-solved-problem; user-satisfied,system-functioning-perfectly,neutral,simple,1,low
Abanoob--2025-08-07 23:17:35.847000--WEBCHAT.csv,form-submission,complete form submission,True,False,incomplete-conversation,no-missing-feature,other,no-user-request-to-solve,no-improvement-needed-user-abandoned,bot-handled-form-submission,form-completion-workflow,form-presentation,conversation-ended-positively,bot-greeting; form-presentation; user-abandoned,no-escalation-needed,system-functioning-perfectly,neutral,simple,1,low
Adam--2025-04-02 16:48:45.856512--WEBCHAT.csv,form-submission,complete form submission,True,False,other,no-missing-feature,other,no-user-request-to-solve,no-improvement-needed-user-abandoned,form-processing,form-completion-workflow,form-processing,user-completed-task,bot-greeting; form-completion,bot-solved-problem,system-functioning-perfectly,neutral,simple,1,low
Andante Neck 4652ec4796--2025-04-16 03:31:35.350074--WEBCHAT.csv,incomplete-conversation,no-user-request,True,False,incomplete-conversation,no-missing-feature-incomplete-conversation,no-feature-category-incomplete-conversation,no-user-request-to-solve,no-improvement-needed-user-abandoned,greeting; form-presentation,bot-greeting-successful; form-presentation-complete,greeting; form-presentation; template-rendering,conversation-initiated; bot-ready-to-help,bot-greeting; form-presentation; user-abandoned,user-abandoned-conversation; no-escalation-needed,no-errors-detected; conversation-abandoned,neutral,simple,1,low
Andante Subset 8fe85e6f2f--2025-05-12 11:42:08.745970--WEBCHAT.csv,incomplete-conversation,no-user-request,True,False,incomplete-conversation,no-missing-feature-incomplete-conversation,no-feature-category-incomplete-conversation,no-user-request-to-solve,no-improvement-needed-user-abandoned,greeting; form-presentation,bot-greeting-successful; form-presentation-complete,greeting; form-presentation; template-rendering,conversation-initiated; bot-ready-to-help,bot-greeting; form-presentation; user-abandoned,user-abandoned-conversation; no-escalation-needed,no-errors-detected; conversation-abandoned,neutral,simple,1,low
Absolute Batter b4c277d68d--2025-02-27 19:01:36.388691--WEBCHAT.csv,cancellation,cancel-service,False,True,feature-not-supported,cancellation-processing,account-management,bot-lacks-cancellation-capability,add-cancellation-processing-feature,greeting,bot-greeting-successful,greeting,conversation-initiated,bot-greeting; user-request,bot-cannot-process-cancellation,no-errors-detected,neutral,simple,4,medium
All Pique b0d83c856e--2025-03-03 15:43:30.713940--WEBCHAT.csv,cancellation,cancel-advertisement,False,True,feature-not-supported,ad-cancellation-system,campaign-control,user-provided-insufficient-information; bot-lacks-cancellation-capability,implement-ad-cancellation-workflow,basic-greeting,bot-greeting-successful,greeting,conversation-initiated,bot-greeting; user-abandoned,user-abandoned-conversation,no-errors-detected,neutral,simple,4,medium
11--2025-07-05 06:39:25.982000--WEBCHAT.csv,"event-management,event-deletion",delete event in Event Management,False,False,feature-not-supported,event deletion functionality,campaign-control,bot lacks capability to delete events in Event Management,implement event deletion feature in Event Management,policy-explanation; alternative-suggestion,policy-explanation; alternative-suggestion,policy-clarification; providing-alternatives,none,bot-greeting; user-request; bot-response,feature-not-supported,system-functioning-perfectly; no-technical-issues,neutral,simple,3,medium
Adventurous Glacier bac1210783--2025-02-27 15:30:55.884981--WEBCHAT.csv,cancellation-request,cancel-service,False,True,feature-not-supported,cancellation-processing,account-management,user-request-unclear; bot-lacks-cancellation-capability,add-cancellation-processing-feature,greeting,bot-greeting-successful,greeting,conversation-initiated,bot-greeting; user-abandoned,user-abandoned-conversation,no-errors-detected,neutral,simple,4,medium
Aarya--2025-04-06 15:00:42.013157--WEBCHAT.csv,"ad-review,business-verification",inquire-about-ad-review-status,False,True,requires-human,ad-review-status-check,campaign-control,bot-cannot-expedite-ad-review; requires-human-verification,integrate-ad-review-status-check,provided-explanation; offered-next-steps,clear-explanation-of-process; next-steps-provided,policy-explanation; next-step-guidance,,greeting; user-query; bot-explanation; next-steps,requires-human-verification,system-functioning-perfectly,frustrated,simple,4,medium
Albert--2025-03-28 05:20:47.458384--WEBCHAT.csv,"ad-review,support-contact",get-ad-ids-reviewed,True,False,bot-handled-perfectly,direct-ad-review-capability,campaign-control,no-user-request-to-solve,bot-handled-perfectly,provided-contact-information,clear-contact-information-provided,contact-information-provision,conversation-ended-positively,greeting; user-request; bot-response,bot-solved-problem,system-functioning-perfectly,neutral,simple,3,medium
Ameriyae Casburne--2025-03-08 06:12:31.698085--WEBCHAT.csv,"ad-credits,billing",apply for ad credits,True,False,other,no-missing-feature,other,no-user-request-to-solve,bot-handled-perfectly,step-by-step-guidance; resource-linking,clear-step-by-step-guidance; resource-linking,multi-step-instruction; resource-linking,user-request-fulfilled; conversation-ended-positively,greeting; user-request; solution-attempt; resolution,bot-solved-problem; user-satisfied; conversation-completed-successfully,system-functioning-perfectly; no-technical-issues,satisfied,simple,1,low
Aaron Chandler--2025-04-16 21:27:33.196644--WEBCHAT.csv,"api-access,account-permissions",generate API access token,False,True,requires-human,permission-management-system,account-management,user faced a permission issue preventing token generation,integrate permission management system to handle account setup issues,provided-step-by-step-instructions; offered-contact-information,clear-step-by-step-guidance,multi-step-instruction; policy-clarification,,greeting; problem-statement; solution-attempt; escalation-suggestion,account-specific-problem,no-technical-issues,frustrated,moderate,4,medium
Akshay Singh--2025-08-10 10:31:26.578000--WEBCHAT.csv,"ad-review,campaign-expedition",expedite ad review process,False,True,feature-not-supported,ad-review-expedition,campaign-control,bot lacks capability to expedite ad review process,implement-ad-review-expedition-feature,provided-alternative-contact-information,provided-contact-information,information-provision,user-thanked-bot,greeting; user-request; bot-response; user-acknowledgment,feature-not-supported,system-functioning-perfectly,neutral,simple,4,medium
Abhishek Patel--2025-03-23 08:12:56.594428--WEBCHAT.csv,"ad-campaign-activation,account-verification",activate ad campaign,True,False,other,no-missing-feature,other,no-user-request-to-solve,bot-handled-perfectly,verification-guidance; activation-instructions,clear-step-by-step-guidance; verification-process-explained,verification-guidance; activation-instructions,user-confirmed-completion,greeting; problem-statement; solution-attempt; resolution,bot-solved-problem; user-satisfied,system-functioning-perfectly; no-technical-issues,satisfied,simple,1,low
Animato Buffalo 056a41c2f5--2025-04-15 08:42:20.172038--WEBCHAT.csv,incomplete-conversation,no-user-request,True,False,incomplete-conversation,no-missing-feature-incomplete-conversation,no-feature-category-incomplete-conversation,no-user-request-to-solve,no-improvement-needed-user-abandoned,greeting; form-presentation,bot-greeting-successful; form-presentation-complete,greeting; form-presentation; template-rendering,conversation-initiated; bot-ready-to-help,bot-greeting; form-presentation; user-abandoned,user-abandoned-conversation; no-escalation-needed,no-errors-detected; conversation-abandoned,neutral,simple,1,low
Affif--2025-04-20 22:59:53.437433--WEBCHAT.csv,"account-closure,ads-account",close ads account,False,True,feature-not-supported,ads-account-closure-procedure,account-management,bot lacks capability to close ads account; bot redirected user to email support,add ads account closure workflow or detailed instructions,provided-general-account-closure-info; redirected-to-support,initial-information-provision,information-redirection; general-account-guidance,none,greeting; user-request; bot-response; user-clarification; bot-redirection,bot-cannot-process-specific-request,no-technical-issues,frustrated,moderate,4,medium
Albert--2025-03-29 06:22:30.321654--WEBCHAT.csv,"postback-integration,clickbank,clickmagick",ensure postback is firing; integrate with ClickMagick,False,False,feature-not-supported,ClickMagick integration instructions,integration,bot lacks specific integration instructions for ClickMagick,add detailed integration instructions for ClickMagick,provided detailed instructions for ClickBank integration; identified user platform,clear-step-by-step-guidance; platform-identification,multi-step-instruction; platform-identification,conversation-ended-positively,greeting; problem-statement; information-gathering; solution-attempt,no-escalation-needed,system-functioning-perfectly; no-technical-issues,neutral,moderate,3,medium
Abdullah --2025-07-22 02:36:57.872000--WEBCHAT.csv,"ad-credit,business-verification,account-management",inquire-about-ad-credit-testing,True,False,other,no-missing-feature,other,no-user-request-to-solve,bot-handled-perfectly,information-provision; policy-explanation,policy-explanation,policy-clarification,user-did-not-express-dissatisfaction,greeting; user-inquiry; information-provision,bot-solved-problem; user-satisfied,system-functioning-perfectly; no-technical-issues,neutral,simple,1,low
Agustin Herebia--2025-03-12 19:00:47.995606--WEBCHAT.csv,"postback-integration,clickflare,event-management",set up a new event through a postback using Clickflare,True,False,other,postback-timing-adjustment,integration,no-user-request-to-solve,bot-handled-perfectly,provided-integration-steps; offered-alternative-solutions,clear-step-by-step-guidance; alternative-solution-suggestion,integration-guidance; problem-solving,user-agreed-to-try-solution; user-thanked-bot,greeting; problem-statement; solution-attempt; resolution,no-escalation-needed,system-functioning-perfectly; no-technical-issues,satisfied,moderate,3,medium
Ali Hassan--2025-03-27 23:53:38.500877--WEBCHAT.csv,"contact-support,email-information",reach-out-to-newsbreak-representative,True,False,other,live-chat-escalation,account-management,no-user-request-to-solve,bot-handled-perfectly,provided-contact-information,clear-contact-information,information-provision,conversation-ended-positively,greeting; user-query; information-provision,bot-solved-problem; user-satisfied,system-functioning-perfectly,satisfied,simple,1,low
1--2025-05-05 20:53:09.293057--WEBCHAT.csv,"billing,credit-card-authorization",understand credit card authorization process,True,False,other,no-missing-feature,other,no-user-request-to-solve,bot-handled-perfectly,clear-explanation; billing-policy-clarification,policy-explanation; clear-communication,policy-clarification; billing-explanation,user-received-information-requested,bot-greeting; user-question; bot-explanation,bot-solved-problem; user-satisfied,system-functioning-perfectly; no-technical-issues,neutral,simple,1,low
Aminata Diallo--2025-05-05 03:58:16.632318--WEBCHAT.csv,"ad-campaign,account-verification,live-agent-request",resolve ad campaign issue; contact live agent,False,True,feature-not-supported,live-chat-connection,campaign-control,user requested live agent; bot unable to provide direct live chat,integrate live chat support feature,information-gathering; verification-guidance,information-gathering,information-gathering; verification-guidance,,greeting; problem-statement; information-gathering; live-agent-request,user-requested-live-agent,no-technical-issues,frustrated,moderate,4,medium
Absolute Nest 823db93d4f--2025-02-27 12:42:50.018826--WEBCHAT.csv,"ad-approval,human-escalation,account-verification",cancel request; talk to human; approve ads,False,True,requires-human,ad approval capability,campaign-control,bot cannot approve ads; account verification required,integrate ad approval workflow,escalation-to-human; status-checking,escalation-to-human,escalation-handling; status-checking,user-expressed-gratitude,greeting; problem-statement; escalation; human-intervention,ad-approval-delay; account-verification-needed,no-technical-issues,frustrated,moderate,4,medium
Aaron Gosling--2025-04-01 21:20:26.768855--WEBCHAT.csv,"ad-credits,affiliate-program,business-verification",claim $2000 ad credits,True,False,other,direct-claim-process-for-ad-credits,campaign-control,no-user-request-to-solve,bot-handled-perfectly,provided-clear-instructions; link-to-schedule-call,clear-step-by-step-guidance,policy-clarification; link-provision,user-received-instructions,greeting; user-query; solution-provided,bot-solved-problem; user-satisfied,system-functioning-perfectly; no-technical-issues,neutral,simple,2,medium
Aaron Gosling--2025-04-01 14:06:23.955888--WEBCHAT.csv,"ad-credit,account-issues,support-escalation",claim ad credit; resolve account issues,False,True,requires-human,direct-account-management,account-management,requires-human-intervention; bot-cannot-resolve-account-issues,integrate direct account management capabilities or streamline escalation process,information-provision; support-escalation,information-provision; support-escalation,information-provision; support-escalation,user-acknowledged-escalation,greeting; problem-statement; information-gathering; support-escalation,account-specific-problem,no-technical-issues,neutral,moderate,4,medium
Alex--2025-07-17 22:59:33.001000--WEBCHAT.csv,"conversion-tracking,postback-setup,redtrack-integration",resolve conversion attribution issue,False,True,requires-human,access-to-internal-logs,technical-support,bot cannot access logs on NewsBreak's side; user requested human assistance,enable-bot-to-access-internal-logs-or-directly-connect-to-human-support,provided-troubleshooting-guidance; shared-helpful-resources,provided-relevant-guides; attempted-to-troubleshoot,troubleshooting-guidance; resource-sharing,user-requested-human-assistance,greeting; problem-statement; troubleshooting-guidance; request-for-human-assistance,bot-cannot-access-system,system-functioning-perfectly; no-technical-issues,frustrated,moderate,4,medium
Alexander Klee--2025-07-22 11:15:04.723000--WEBCHAT.csv,"billing-verification,payment-failure,refund-process",understand billing verification fee; resolve payment failure; inquire about refund timeline,True,False,other,direct-payment-resolution,billing,no-user-request-to-solve,bot-handled-perfectly,clear-explanation-of-billing; refund-policy-clarification,policy-explanation; refund-process-clarification,billing-explanation; refund-policy-clarification,user-continued-conversation; user-received-information,greeting; billing-inquiry; payment-issue; refund-inquiry,bot-solved-problem; user-satisfied,system-functioning-perfectly; no-technical-issues,neutral,moderate,2,medium
Agustin Herebia--2025-07-23 12:25:02.841000--WEBCHAT.csv,"invoice-request,credit-line-requirements",request additional invoice; inquire about credit line requirements,True,False,bot-handled-perfectly,invoice-generation,billing,no-user-request-to-solve,bot-handled-perfectly,information-provision; guidance-on-next-steps,clear-step-by-step-guidance,policy-clarification; multi-step-instruction,conversation-ended-positively,greeting; invoice-request; credit-line-inquiry; guidance-provided,bot-solved-problem; user-satisfied,system-functioning-perfectly; no-technical-issues,neutral,moderate,3,medium
Amanda--2025-08-14 22:54:44.818000--WEBCHAT.csv,"ad-specifications,file-optimization",find ad dimensions; find recommended memory size,True,False,other,specific-memory-size-guidance,campaign-control,no-user-request-to-solve,provide-specific-memory-size-guidance,provided-dimension-information; offered-file-optimization-advice,clear-specification-provision; general-optimization-advice,information-provision; optimization-advice,user-continued-conversation,bot-greeting; user-question; bot-response; user-follow-up; bot-response,bot-solved-problem; user-satisfied,system-functioning-perfectly; no-technical-issues,neutral,simple,3,medium
Aaron--2025-08-06 17:13:07.187000--WEBCHAT.csv,"account-spending-issue,campaign-id",resolve account spending issue,False,True,feature-not-supported,direct-campaign-diagnosis,campaign-control,bot lacks capability to diagnose spending issues directly,integrate diagnostic tools for campaign spending issues,campaign-id-reception; basic-guidance,campaign-id-reception,campaign-id-reception; basic-guidance,conversation-ended-with-referral,greeting; problem-statement; information-gathering; referral,bot-cannot-diagnose-issue,system-functioning-perfectly,neutral,moderate,4,high
Albert--2025-06-25 17:53:10.980000--WEBCHAT.csv,"live-chat-request,operator-request",request-live-chat; speak-to-operator,False,True,feature-not-supported,live-chat-escalation,technical-support,bot-lacks-live-chat-escalation; user-request-for-human-assistance-not-fulfilled,implement-live-chat-escalation-feature,greeting; prompting-user-for-question,bot-greeting-successful,greeting,conversation-initiated,bot-greeting; user-request-for-live-chat; bot-prompt-for-question; user-request-for-operator,user-request-for-human-assistance,no-errors-detected,frustrated,simple,4,medium
Alin--2025-07-08 13:02:24.162000--WEBCHAT.csv,"ad-rejection,appeal-process",understand-rejection-reason; appeal-ad-rejection,True,False,other,direct-access-to-rejection-details,campaign-control,no-user-request-to-solve,integrate-with-ad-rejection-database,provided-rejection-guidance; offered-appeal-process,clear-guidance-on-next-steps; resource-link-provided,policy-clarification; resource-linking,user-informed-about-next-steps,greeting; user-query; bot-guidance,bot-solved-problem; user-satisfied,system-functioning-perfectly; no-technical-issues,neutral,simple,3,medium
Ali--2025-05-30 16:55:53.561481--WEBCHAT.csv,"proof-of-endorsement,ad-policy,documentation-submission",understand proof of endorsement; submit proof of endorsement,True,False,other,real-time-document-submission,integration,no-user-request-to-solve,bot-handled-perfectly,policy-explanation; documentation-guidance,policy-explanation; clear-instructions,policy-clarification; instruction-giving,user-received-information; conversation-ended-positively,greeting; user-query; policy-explanation; submission-guidance,bot-solved-problem; user-satisfied,system-functioning-perfectly; no-technical-issues,satisfied,moderate,2,medium
Akshay--2025-04-18 06:01:28.028770--WEBCHAT.csv,"pixel-deletion,ad-management",delete pixel on NewsBreak platform,False,True,feature-not-supported,direct pixel management capability,campaign-control,bot provided incorrect initial instructions; bot lacks capability to directly assist with pixel deletion,integrate pixel management functionality or provide accurate guidance,provided general guidance; attempted to clarify user platform,attempted clarification; provided contact for further assistance,information-gathering; error-acknowledgment,none,greeting; problem-statement; incorrect-solution; error-acknowledgment; alternative-solution,bot-cannot-provide-specific-instructions,incorrect-initial-guidance,frustrated,moderate,4,medium
Amortized Pollock d15b72ee33--2025-02-22 00:14:38.936482--WEBCHAT.csv,"ad-rejection,ad-appeal",push ad through after rejection,False,True,feature-not-supported,ad-rejection-override-capability,campaign-control,bot cannot override ad rejection decisions,implement-ad-rejection-appeal-workflow,provided-guidance-on-next-steps; shared-helpful-resources,clear-guidance-on-next-steps; resource-link-provided,policy-clarification; resource-sharing,no-indicators-of-satisfaction,greeting; user-request; bot-guidance,bot-cannot-override-ad-rejection,system-functioning-perfectly; no-technical-issues,frustrated,simple,4,medium
Abhishek--2025-08-05 19:23:35.468000--WEBCHAT.csv,"ad-credit,sweepstakes-policy,lead-generation",request ad credit for sweepstakes testing,False,False,feature-not-supported,ad credit for sweepstakes testing,campaign-control,ad credit for sweepstakes is not supported; user's account does not meet eligibility criteria for lead generation ad credit,no-improvement-needed-user-abandoned,policy-explanation; eligibility-criteria-explanation,policy-explanation; eligibility-criteria-explanation,policy-clarification; eligibility-criteria-explanation,conversation-ended-positively,bot-greeting; user-request; policy-explanation; eligibility-criteria-explanation,bot-solved-problem; user-satisfied,system-functioning-perfectly; no-technical-issues,neutral,moderate,2,medium
 ADJ DIGITAL MARKETING LLC--2025-06-04 05:11:59.628655--WEBCHAT.csv,"account-id,account-status,business-verification",retrieve account ID; understand account pending status,False,True,requires-human,automated-account-verification,verification,requires human intervention for account verification,implement automated account verification process,provided-account-id; directed-to-support,provided-account-id-successfully; clear-contact-information,information-retrieval; contact-information-provision,none-observed,greeting; account-id-retrieval; account-status-inquiry; information-request,account-verification-required,system-functioning-perfectly; no-technical-issues,neutral,moderate,4,high
Achlesh Walia--2025-04-16 18:52:54.443114--WEBCHAT.csv,"automated-rules,campaign-management,navigation-issues",find automated rules section; create rules to pause campaigns,False,True,requires-human,accurate-navigation-instructions,campaign-control,bot provided incorrect navigation instructions; user could not locate the section as described,improve navigation guidance accuracy by integrating real-time account-specific navigation paths,step-by-step-guidance; apology-for-error,initial-step-by-step-guidance,apology; step-by-step-instruction,,greeting; problem-statement; solution-attempt; error-correction; escalation,incorrect-navigation-instructions; account-specific-problem,incorrect-navigation-path,frustrated,moderate,4,medium
Agustin Herebia--2025-05-21 14:53:59.984059--WEBCHAT.csv,"payment-method,wire-transfer,invoice-request",find alternative payment method; request wire transfer details; request proforma invoice,False,True,requires-human,automated-email-sending,billing,user did not receive the proforma invoice and payment details as promised,implement automated system to send wire transfer details and invoices via email,offered alternative payment method; provided guidance on wire transfer,clear-payment-alternative-suggestion,payment-method-guidance; alternative-solution-offering,user-agreed-to-wire-transfer,greeting; problem-statement; solution-offering; confirmation; follow-up-request,user-did-not-receive-email,email-not-received,frustrated,moderate,4,medium
 Bohdan (bohdan.r@point2web.com)--2025-04-11 15:11:10.213113--WEBCHAT.csv,"event-access-removal,language-modification",remove event access from account,False,True,feature-not-supported,direct event access modification capability,campaign-control,bot lacks capability to directly modify event access; user's request for language modification was not fulfilled,implement direct event access modification feature,provided step-by-step instructions; attempted to clarify misunderstanding,attempted step-by-step guidance,multi-step-instruction; attempted clarification,none,greeting; problem-statement; attempted-solution; misunderstanding; language-modification-request,bot-cannot-access-system; complex-language-request,no-technical-issues,frustrated,complex,4,high
Albert--2025-06-25 04:57:56.553000--WEBCHAT.csv,"postback-web-event,clickbank-integration,troubleshooting",create postback web event; save postback URL,False,True,requires-human,direct-system-access-for-saving,integration,user unable to save postback URL despite successful test,implement direct system access or error resolution for save issues,troubleshooting-guidance; step-by-step-instructions,detailed-troubleshooting-steps,troubleshooting-guidance; integration-support,none,greeting; problem-statement; troubleshooting-guidance; further-issue-identification; suggestion-to-contact-support,unable-to-save-postback-url,no-specific-error-message,frustrated,moderate,4,medium
Amanda Morales--2025-05-10 17:17:46.392263--WEBCHAT.csv,"ad-review,business-verification",resolve ad review delay,True,False,other,duplicate-response-handling,other,no-user-request-to-solve,improve-response-handling-to-avoid-duplicates,information-gathering; business-verification-initiation,clear-information-gathering; business-verification-process,information-gathering; business-verification-initiation,user-thanked-bot; conversation-ended-positively,greeting; problem-statement; information-gathering; resolution,bot-solved-problem; user-satisfied; conversation-completed-successfully,system-functioning-perfectly; no-technical-issues,satisfied,moderate,2,low
Alicia--2025-03-07 00:39:01.180922--WEBCHAT.csv,"pixel-setup,conversion-tracking,weebly-integration",locate pixel code; troubleshoot conversion pixel; understand pixel code parameters,False,True,feature-not-supported,platform-specific troubleshooting for Weebly,integration,bot lacks specific guidance for Weebly integration; conversion pixel issue unresolved,develop platform-specific guides for Weebly integration,provided general pixel setup instructions; explained pixel code parameters,clear explanation of pixel code parameters,multi-step-instruction; technical-troubleshooting,none,greeting; problem-statement; information-gathering; solution-attempt; troubleshooting,platform-specific-issue; unresolved-technical-problem,no-technical-issues,frustrated,complex,4,medium
1258--2025-08-08 06:08:03.004000--WEBCHAT.csv,"ad-status,cpc-bidding,pixel-integration",understand ad status; clarify CPC bidding; resolve pixel integration issue,True,False,incomplete-conversation,direct-pixel-integration-troubleshooting,integration,no-user-request-to-solve,bot-handled-perfectly,ad-status-explanation; cpc-bidding-clarification; pixel-integration-guidance,clear-explanation; step-by-step-guidance,multi-language-support; technical-explanation; step-by-step-instruction,user-thanked-bot; user-confirmed-understanding,greeting; problem-statement; solution-attempt; resolution,bot-solved-problem; user-satisfied,system-functioning-perfectly; no-technical-issues,satisfied,moderate,3,medium
Alex--2025-08-11 10:43:02.944000--WEBCHAT.csv,"api-integration,field-identification,technical-support",identify-field-name-for-refid-in-api,False,True,feature-not-supported,api-schema-access,integration,bot-lacks-access-to-api-schema; user-needs-specific-field-name,integrate-api-schema-access-or-documentation-link,provided-general-guidance; suggested-contacting-support,general-guidance-provided; support-contact-suggestion,general-guidance; support-escalation-suggestion,none,greeting; problem-statement; general-guidance; support-suggestion,bot-cannot-access-system,system-functioning-perfectly; no-technical-issues,neutral,moderate,3,medium
Aldo Gomes--2025-03-15 07:19:57.297998--WEBCHAT.csv,"ad-approval,business-verification",check ad approval status,False,True,requires-human,direct-account-verification,verification,user's account might not be verified; user needs to provide additional information for verification,integrate account verification process into chatbot,provided-clear-instructions; explained-approval-timeframe,clear-instruction-for-next-steps,policy-clarification; instruction-giving,no-indicators-of-satisfaction,greeting; user-query; bot-explanation; instruction-for-verification,account-verification-required,no-technical-issues,neutral,moderate,4,medium
Alisa--2025-04-20 18:16:27.915436--WEBCHAT.csv,"payment-issues,billing,ad-campaign",resolve payment authorization failure; continue ad campaign,False,True,feature-not-supported,direct-payment-issue-resolution,billing,bot cannot directly fix payment issues; user needs to update credit card information manually,integrate with billing system API to allow direct payment issue resolution,provided-step-by-step-guidance; offered-contact-information-for-support,clear-step-by-step-guidance,multi-step-instruction,,greeting; problem-statement; solution-attempt,bot-cannot-directly-resolve-payment-issues,system-functioning-perfectly; no-technical-issues,frustrated,moderate,4,medium
Adriano Vitor Ruiz--2025-08-15 17:26:25.143000--WEBCHAT.csv,"account-verification,profile-rejection",resolve rejected profile message,False,True,requires-human,business verification resolution,verification,bot cannot resolve verification issues directly; requires human intervention for document verification,integrate a document submission feature for verification,informing-user-about-next-steps; providing-contact-information,clear-explanation-of-issue; providing-contact-details,issue-explanation; providing-next-steps,user-acknowledged-next-steps,greeting; problem-statement; issue-explanation; next-steps,verification-issue-requires-human,system-functioning-perfectly; no-technical-issues,neutral,moderate,4,medium
Amir--2025-03-11 10:02:08.899118--WEBCHAT.csv,"postback-issues,traffic-policy,account-timezone",resolve postback issues; inquire about traffic policy; find account timezone,False,True,requires-human,direct technical support for postback issues,technical-support,bot provided incorrect or incomplete guidance; user unable to find settings; incorrect support email provided,ensure accurate support contact information and improve guidance on account settings,provided debugging steps; offered policy information; attempted to guide user through settings,policy-explanation,policy-clarification; technical-troubleshooting,none,greeting; problem-statement; solution-attempt; escalation,bot-cannot-resolve-technical-issue; incorrect-support-contact,incorrect-support-email,frustrated,complex,4,medium
Alex Makatsaria--2025-08-13 09:23:21.284000--WEBCHAT.csv,"url-validation,postback-setup,technical-support",fix-url-error; test-newsbreak-postback,False,True,requires-human,detailed-url-validation-and-debugging,technical-support,bot provided general advice but did not resolve the specific URL validation error,integrate-url-validation-tool-to-diagnose-specific-errors,provided-general-guidance; offered-reference-material,provided-reference-link,general-guidance; resource-linking,none-observed,bot-greeting; user-problem-statement; bot-general-guidance,specific-url-error-not-resolved,no-technical-issues,frustrated,moderate,4,medium
Adair--2025-04-07 17:32:44.014896--WEBCHAT.csv,"pixel-configuration,postback-integration,technical-support",configure pixel via postback with ClickFlare,False,True,requires-human,direct-pixel-configuration-support,integration,bot lacks capability to troubleshoot specific pixel configuration issues,integrate direct support for pixel configuration troubleshooting or streamline escalation to human support,provided-general-integration-guide; attempted-to-gather-more-information,attempted-information-gathering; escalation-to-human-support,information-provision; escalation-handling,user-acknowledged-escalation; user-closed-conversation-positively,greeting; problem-statement; information-provision; escalation,complex-technical-issue; bot-cannot-resolve,no-technical-issues; system-functioning-perfectly,frustrated,moderate,4,medium
Ana--2025-06-18 13:04:25.325000--WEBCHAT.csv,"account-setup,verification,payment-process",set up account; verify account; understand payment process,True,False,other,real-time-verification,verification,no-user-request-to-solve,bot-handled-perfectly,account-setup-guidance; verification-instructions; payment-process-explanation,clear-step-by-step-guidance; comprehensive-information-provided,multi-step-instruction; policy-clarification,user-request-fulfilled; conversation-ended-positively,greeting; problem-statement; solution-attempt; resolution,bot-solved-problem; user-satisfied; conversation-completed-successfully,system-functioning-perfectly; no-technical-issues,satisfied,moderate,2,medium
Animato Playlist 13522c8ffb--2025-03-03 04:17:06.874752--WEBCHAT.csv,cancellation,cancel-service,False,True,feature-not-supported,service-cancellation-functionality,account-management,bot-lacks-cancellation-capability,add-cancellation-workflow,greeting,bot-greeting-successful,greeting,conversation-initiated,bot-greeting; user-request,bot-cannot-process-cancellation,no-technical-issues,neutral,simple,4,medium
Andrew Pizzoferrato--2025-03-20 23:47:50.785469--WEBCHAT.csv,"live-agent-request,form-submission",speak-with-live-agent,False,True,feature-not-supported,live-agent-connection,technical-support,bot-cannot-connect-to-live-agent,integrate-live-agent-chat-feature,polite-response; email-referral,polite-response; email-referral,polite-response; email-referral,none,bot-greeting; user-request; bot-response; user-escalation-request; bot-email-referral,user-request-for-live-agent,no-errors-detected,frustrated,simple,4,medium
Amy Roth--2025-05-06 16:09:13.372563--WEBCHAT.csv,"shopify-integration,pixel-troubleshooting",integrate shopify pixel with newsbreak,False,True,requires-human,direct-diagnosis-and-resolution-of-integration-issues,integration,user's pixel integration issue remained unresolved despite troubleshooting steps,implement direct support for diagnosing and resolving pixel integration issues,provided-step-by-step-integration-guide; offered-troubleshooting-steps,provided-detailed-integration-instructions; offered-contact-for-further-support,step-by-step-instruction; troubleshooting-guidance,none-observed,greeting; problem-statement; solution-attempt; troubleshooting-guidance,persistent-integration-issue,no-errors-detected,frustrated,moderate,4,medium
Andrew Baker--2025-06-23 14:25:11.498000--WEBCHAT.csv,"account-management,multi-organization-support",inquire about managing multiple organizations under one account,True,False,other,no-missing-feature,other,no-user-request-to-solve,bot-handled-perfectly,provided-clear-information; linked-to-detailed-guide,clear-step-by-step-guidance; policy-explanation,policy-clarification; resource-linking,user-question-answered; no-further-questions,greeting; user-question; bot-answer; resource-linking,bot-solved-problem; user-satisfied,system-functioning-perfectly; no-technical-issues,satisfied,simple,1,low
Andres Chavez--2025-07-01 14:03:46.289000--WEBCHAT.csv,"event-creation,url-formatting,pixel-integration",create event; test domain URL; integrate NewsBreak pixel,False,True,requires-human,message quota management,technical-support,bot ran out of message quota; user did not receive final URL for campaign,increase message quota or notify user before quota exhaustion,provided URL formatting guidance; offered documentation links,provided URL formatting instructions; linked to relevant documentation,url-formatting-guidance; documentation-linking,user-continued-engagement,greeting; problem-statement; solution-attempt; additional-requests; quota-exhaustion,message-quota-exhaustion,quota-exhaustion-notification,frustrated,complex,4,medium
Andrei--2025-07-27 17:52:06.255000--WEBCHAT.csv,"account-management,advertising-platform,user-onboarding",speak-to-account-manager; get-introduction-to-platform,False,False,feature-not-supported,dedicated-account-manager-access-for-all-users,account-management,"dedicated account management not available for users below $1,000 daily spend threshold",offer introductory sessions or consultations for new users regardless of spend level,provided-alternative-resources; explained-account-management-policy,policy-explanation; resource-suggestion,policy-clarification; resource-recommendation,user-expressed-interest,greeting; user-inquiry; policy-explanation; resource-suggestion,user-request-for-human-contact,system-functioning-perfectly; no-technical-issues,neutral,moderate,3,medium
Anna--2025-04-17 03:53:38.079235--WEBCHAT.csv,"ad-policy,weight-loss-products",inquire-about-ad-eligibility,True,False,other,no-missing-feature,other,no-user-request-to-solve,bot-handled-perfectly,policy-clarification,policy-explanation,policy-clarification,user-informed,greeting; user-inquiry; policy-explanation,bot-solved-problem; user-satisfied,system-functioning-perfectly; no-technical-issues,neutral,simple,1,low
Andy--2025-03-26 12:34:19.409589--WEBCHAT.csv,"invoice-retrieval,billing-support",retrieve old invoices,True,False,other,direct-invoice-access,billing,no-user-request-to-solve,bot-handled-perfectly,invoice-retrieval-assistance; user-guidance,effective-escalation-to-support-team; clear-communication,information-gathering; escalation-procedure,user-thanked-bot; conversation-ended-positively,greeting; problem-statement; information-gathering; solution-attempt; resolution,user-request-for-specific-invoice,system-functioning-perfectly; no-technical-issues,satisfied,moderate,3,medium
Anait--2025-03-20 12:15:56.626556--WEBCHAT.csv,"request-reopening,new-request-submission",reopen-closed-request; submit-new-request,True,False,bot-handled-perfectly,reopen-closed-request,account-management,task-successfully-completed,bot-handled-perfectly,request-submission-guidance; policy-explanation,clear-policy-explanation; new-request-guidance,policy-clarification; multi-step-instruction,user-agreed-to-submit-new-request,greeting; request-reopening-attempt; policy-explanation; new-request-submission,bot-solved-problem; user-satisfied,system-functioning-perfectly; no-technical-issues,neutral,moderate,2,medium
Anna--2025-03-06 13:30:30.073738--WEBCHAT.csv,"campaign-troubleshooting,app-install-tracking",resolve issue with no app installs from campaigns,True,False,other,no-missing-feature,other,no-user-request-to-solve,bot-handled-perfectly,provided-detailed-instructions; identified-tracking-partner,clear-step-by-step-guidance; relevant-resource-link,multi-step-instruction; integration-guidance,user-received-guidance; no-further-questions,greeting; problem-statement; solution-attempt; resolution,bot-solved-problem; user-satisfied,system-functioning-perfectly; no-technical-issues,neutral,moderate,1,low
Andrew Pizzoferrato--2025-03-20 21:20:58.464372--WEBCHAT.csv,"ad-scheduling,troubleshooting,campaign-settings",schedule ads to run at specific times,False,True,requires-human,direct troubleshooting and modification of ad scheduling settings,campaign-control,bot provided troubleshooting steps but user still faced issues; potential need for deeper technical investigation,implement a feature for real-time diagnostics and direct modification of ad scheduling settings,provided step-by-step guidance; offered troubleshooting advice,clear-step-by-step-guidance; policy-explanation,multi-step-instruction; troubleshooting-guidance,none,greeting; problem-statement; solution-attempt; troubleshooting; recommendation-to-contact-support,complex-technical-issue; user-unable-to-resolve-with-guidance,no-technical-issues-detected-by-bot,frustrated,moderate,4,high
Angel--2025-04-16 01:39:19.249102--WEBCHAT.csv,"video-ads,ad-specifications",inquire-video-ad-specifications,True,False,other,no-missing-feature,other,no-user-request-to-solve,bot-handled-perfectly,provided-detailed-specifications,clear-specification-provision,information-provision; specification-detailing,user-received-information,greeting; user-inquiry; information-provision,bot-solved-problem; user-satisfied,system-functioning-perfectly; no-technical-issues,neutral,simple,1,low
Andrew--2025-04-02 02:41:34.012286--WEBCHAT.csv,"account-management,ownership-transfer",transfer ownership to a new email,True,False,other,direct-ownership-transfer,account-management,no-user-request-to-solve,bot-handled-perfectly,provided-clear-instructions; offered-support-contact,clear-step-by-step-guidance; provided-support-contact,multi-step-instruction; resource-linking,user-request-fulfilled; conversation-ended-positively,greeting; problem-statement; solution-attempt; resolution,bot-solved-problem; user-satisfied,system-functioning-perfectly; no-technical-issues,satisfied,simple,3,medium
Anmol--2025-08-07 15:52:53.874000--WEBCHAT.csv,"media-buying,account-manager-connection",connect-with-media-buying-experts,False,True,requires-human,direct-human-connection,integration,user-request-requires-human-intervention; verification-process-needed,implement-direct-human-connection-feature,provided-clear-requirements; offered-alternative-resources,clear-requirement-communication; resource-suggestion,requirement-clarification; resource-recommendation,none,greeting; user-request; requirement-clarification; resource-suggestion,user-request-for-human-expert,system-functioning-perfectly; no-technical-issues,neutral,moderate,4,medium
Anna--2025-02-27 08:30:15.485575--WEBCHAT.csv,"account-management,ad-tracking,billing,traffic-sources",understand account structure; pixel usage guidance; credit line inquiry; desktop traffic availability,True,False,other,no-missing-feature,other,no-user-request-to-solve,bot-handled-perfectly,account-structure-explanation; pixel-guidance; billing-options-explanation; traffic-sources-information,clear-step-by-step-guidance; policy-explanation,multi-step-instruction; policy-clarification,user-thanked-bot; conversation-ended-positively,greeting; problem-statement; solution-attempt; resolution,bot-solved-problem; user-satisfied; conversation-completed-successfully,system-functioning-perfectly; no-technical-issues,satisfied,moderate,1,low
Andrey--2025-04-26 16:57:38.148512--WEBCHAT.csv,"campaign-budget,newsletter-campaign,spending-issue",understand campaign overspending,False,True,requires-human,detailed-campaign-data-access,campaign-control,bot cannot access detailed campaign data; requires human intervention for deeper investigation,integrate with campaign management system for real-time data access,explained-bidding-strategies; provided-recommendations,policy-explanation; recommendation-provided,policy-clarification; recommendation-offering,none,greeting; problem-statement; initial-explanation; recommendation,requires-detailed-investigation,no-technical-issues,frustrated,moderate,4,medium
Anna--2025-03-04 11:55:30.013554--WEBCHAT.csv,"web-campaigns,desktop-targeting,ad-management",run web campaigns targeting desktop users,False,True,feature-not-supported,desktop-targeting-configuration,campaign-control,bot lacks capability to directly assist with desktop targeting settings,add desktop targeting options in campaign settings,provided-step-by-step-guide; offered-contact-information,clear-step-by-step-guidance; contact-information-provided,multi-step-instruction; resource-linking,user-politely-ended-conversation,greeting; problem-statement; solution-attempt; escalation-suggestion; conversation-closure,campaign-targeting-requires-human-assistance,system-functioning-perfectly; no-technical-issues,neutral,moderate,4,medium
Anna Oksak--2025-05-28 10:54:27.284864--WEBCHAT.csv,"ad-delivery,campaign-optimization,invoice-retrieval",increase ad volume; retrieve invoice with company name,False,True,requires-human,invoice retrieval system,billing,bot lacks capability to directly retrieve invoices; user needs human assistance for invoice retrieval,integrate invoice retrieval functionality within the bot,provided campaign optimization strategies; guided user to contact support for invoice issues,provided detailed ad optimization strategies,campaign-optimization-guidance; support-contact-recommendation,conversation-ended-with-guidance,greeting; problem-statement; solution-attempt; additional-issue; recommendation,invoice-retrieval-requires-human,no-technical-issues,neutral,moderate,4,medium
Anin--2025-03-25 14:47:40.180146--WEBCHAT.csv,"time-zone-change,admanager-settings",change time zone in AdManager,False,True,feature-not-supported,direct time zone change functionality in AdManager,campaign-control,bot lacks capability to change time zone directly; user needs to contact support team for resolution,integrate direct time zone change feature in AdManager settings,provided general guidance; offered contact information for further support,provided contact information for support,general-guidance; support-escalation,user-acknowledged-need-for-support,greeting; problem-statement; guidance-provided; support-escalation,bot-cannot-perform-task; user-requested-more-assistance,system-functioning-perfectly; no-technical-issues,neutral,moderate,4,medium
Anna--2025-03-04 11:21:18.252563--WEBCHAT.csv,"web-traffic,advertising,desktop-users",run web traffic for pocketguard.com; advertise on NewsBreak site,False,True,requires-human,specific guidance for running web traffic to desktop users,campaign-control,bot provided incorrect guidance initially; user's specific need for web traffic was not addressed,add detailed instructions for setting up web traffic campaigns targeting desktop users,provided general advertising information; offered API integration guide,information-gathering; attempted clarification,information-provision; attempted clarification,,greeting; information-gathering; misunderstanding; attempted resolution,complexity of user's request; bot's inability to provide specific guidance,misinterpretation of user's request,frustrated,complex,4,medium
Ankit--2025-07-07 15:01:18.490000--WEBCHAT.csv,"campaign-control,billing-issue",resolve unexpected campaign spending,False,True,feature-not-supported,campaign-adjustment-capability,campaign-control,bot lacks capability to verify or adjust campaign settings directly,integrate campaign management API to allow direct adjustments,identified-potential-issue; provided-contact-information,identified-issue; provided-next-steps,issue-identification; contact-information-provision,none,greeting; problem-statement; suggested-next-steps,campaign-setting-verification-needed,no-technical-issues,frustrated,moderate,4,medium
Ange Campuzano--2025-02-28 00:22:07.201195--WEBCHAT.csv,"ad-upload-issue,duplicate-content",resolve duplicate media content error; connect with live agent,False,True,requires-human,real-time-content-validation,campaign-control,user requested live agent before bot could fully assist; user needed immediate human intervention,implement real-time content validation to prevent duplicate uploads,provided-solution-suggestion; offered-help-article,provided-helpful-guidance; linked-relevant-article,problem-identification; resource-linking,user-requested-live-agent,greeting; problem-statement; solution-suggestion; escalation,user-requested-live-agent,system-functioning-perfectly,frustrated,moderate,4,medium
Anna--2025-03-06 13:44:48.222224--WEBCHAT.csv,"appsflyer-integration,data-tracking,support-contact",verify data tracking from AppsFlyer to NewsBreak; contact support for assistance,True,False,bot-handled-perfectly,direct-data-verification,integration,no-user-request-to-solve,bot-handled-perfectly,provided-step-by-step-guidance; facilitated-support-contact,clear-step-by-step-guidance; support-escalation,multi-step-instruction; support-escalation,user-thanked-bot; conversation-ended-positively,greeting; problem-statement; solution-attempt; support-escalation; resolution,user-requested-support-contact,system-functioning-perfectly; no-technical-issues,grateful,moderate,3,medium
Anna--2025-03-27 12:15:20.221545--WEBCHAT.csv,"advertising-policy,sports-betting,license-verification",inquire-about-advertising-sports-betting,True,False,other,not-applicable,other,no-user-request-to-solve,bot-handled-perfectly,policy-clarification; quick-response,policy-explanation,policy-clarification,user-acknowledged-response; user-thanked-bot,greeting; user-inquiry; policy-explanation; user-acknowledgment,bot-solved-problem; user-satisfied,system-functioning-perfectly; no-technical-issues,satisfied,moderate,1,low
Anna--2025-03-14 18:48:09.487134--WEBCHAT.csv,"campaign-verification,content-guidelines,account-representative",speed up campaign review; access educational resources; schedule call with account rep,False,True,requires-human,direct-verification-expedition,verification,bot cannot expedite verification process; user waiting for human interaction,implement direct communication channel for urgent verification requests,provided-verification-instructions; shared-resource-links; scheduled-call,resource-link-sharing; call-scheduling,information-gathering; resource-link-provision; call-scheduling,user-thanked-bot; user-confirmed-call-scheduling,greeting; verification-request; resource-request; call-scheduling; human-escalation,verification-delay; need-for-human-interaction,system-functioning-perfectly; no-technical-issues,frustrated,complex,4,medium
